test11@email.com,!test1234, test11
test12@email.com,!test1234, test12
test13@email.com,!test1234, test13
test14@email.com,!test1234, test14
test15@email.com,!test1234, test15
test16@email.com,!test1234, test16
test17@email.com,!test1234, test17
test18@email.com,!test1234, test18
test19@email.com,!test1234, test19
test20@email.com,!test1234, test20
test21@email.com,!test1234, test21
test22@email.com,!test1234, test22
test23@email.com,!test1234, test23
test24@email.com,!test1234, test24
test25@email.com,!test1234, test25
test26@email.com,!test1234, test26
test27@email.com,!test1234, test27
test28@email.com,!test1234, test28
test29@email.com,!test1234, test29
test30@email.com,!test1234, test30
test31@email.com,!test1234, test31
test32@email.com,!test1234, test32
test33@email.com,!test1234, test33
test34@email.com,!test1234, test34
test35@email.com,!test1234, test35
test36@email.com,!test1234, test36
test37@email.com,!test1234, test37
test38@email.com,!test1234, test38
test39@email.com,!test1234, test39
test40@email.com,!test1234, test40
test41@email.com,!test1234, test41
test42@email.com,!test1234, test42
test43@email.com,!test1234, test43
test44@email.com,!test1234, test44
test45@email.com,!test1234, test45
test46@email.com,!test1234, test46
test47@email.com,!test1234, test47
test48@email.com,!test1234, test48
test49@email.com,!test1234, test49
test50@email.com,!test1234, test50
test51@email.com,!test1234, test51
test52@email.com,!test1234, test52
test53@email.com,!test1234, test53
test54@email.com,!test1234, test54
test55@email.com,!test1234, test55
test56@email.com,!test1234, test56
test57@email.com,!test1234, test57
test58@email.com,!test1234, test58
test59@email.com,!test1234, test59
test60@email.com,!test1234, test60
test61@email.com,!test1234, test61
test62@email.com,!test1234, test62
test63@email.com,!test1234, test63
test64@email.com,!test1234, test64
test65@email.com,!test1234, test65
test66@email.com,!test1234, test66
test67@email.com,!test1234, test67
test68@email.com,!test1234, test68
test69@email.com,!test1234, test69
test70@email.com,!test1234, test70
test71@email.com,!test1234, test71
test72@email.com,!test1234, test72
test73@email.com,!test1234, test73
test74@email.com,!test1234, test74
test75@email.com,!test1234, test75
test76@email.com,!test1234, test76
test77@email.com,!test1234, test77
test78@email.com,!test1234, test78
test79@email.com,!test1234, test79
test80@email.com,!test1234, test80
test81@email.com,!test1234, test81
test82@email.com,!test1234, test82
test83@email.com,!test1234, test83
test84@email.com,!test1234, test84
test85@email.com,!test1234, test85
test86@email.com,!test1234, test86
test87@email.com,!test1234, test87
test88@email.com,!test1234, test88
test89@email.com,!test1234, test89
test90@email.com,!test1234, test90
test91@email.com,!test1234, test91
test92@email.com,!test1234, test92
test93@email.com,!test1234, test93
test94@email.com,!test1234, test94
test95@email.com,!test1234, test95
test96@email.com,!test1234, test96
test97@email.com,!test1234, test97
test98@email.com,!test1234, test98
test99@email.com,!test1234, test99
test100@email.com,!test1234, test100
